{"working":false,"featured":true,"private":false,"stars":["5e7a7f587c113618206ddbb9","5e7a7f587c113618206ddcb5","5e7a7f587c113618206dda9e","5e9f3731658b34001590fe0d","5ebcc0c9658b34001590fea1","5ebf549b9a2c7b0017693854","5ec340a7658b34001590feb5","5e7a7f587c113618206ddc30","60c1b13cdf59c70014cdc6d6","60ddce08f4fe08001a0a6204","60f5267ff4fe08001a0a6216","6113d674063978001a1c6edb","61e9b73cfa146100147f3414","61edca42fa146100147f9a7a","625d52557917e400140a305a","6260856f7917e400140a7539","62d61f6dad0a68001af8af8e","62da707fad0a68001af8d8e5","62fba7a8ad0a68001afa5860","633ed10dc0b6ee001abbd3f5","635bdce7d12ead001af855d9","638686c424251a001abed87d","63b50065d12ead001afdcab2","63bdfee1d12ead001afe71e4","63ebb36954062a0019bbe072","63a4715d24251a001ac0e3ab","639eeb9224251a001ac05e9f","64bbf2515913c5001a3faeee","64bd20875913c5001a3fbf68","633167e0d12ead001af5960f","62221c907917e40014067e8c","5fd06c2ed4849b0013135bfb","6654b868d15e30001b9fb603","667442dfd15e30001ba15cb4","66ffd0f3522bf8001ae9f02d","6757bf1fa085a6001a5eed50","678e5f332909a9001a02a0d1","67950d132909a9001a02fcc3","679a84c52909a9001a035a51","664530efe0ca9e001a004089","67f1bf8ea0bb96001afdec71","67f7ddf8d0da12001a75f881"],"images":[],"categories":["5e7a80dd7c113618206df0c5"],"publicCategories":[],"privateCategories":["XXX"],"_id":"5e7a80227c113618206deb59","title":"Conc Circles","rawFragmentSource":"/*{\n\t\"CREDIT\": \"by joshpbatty\",\n\t\"DESCRIPTION\": \"\",\n\t\"CATEGORIES\": [\n\t\t\"XXX\"\n\t],\n\t\"INPUTS\": [\n\t\t{\n\t\t\t\"NAME\": \"num_rings\",\n\t\t\t\"TYPE\": \"float\",\n\t\t\t\"DEFAULT\": 2.0,\n\t\t\t\"MIN\": 0.0,\n\t\t\t\"MAX\": 20.0\n\t\t},\n\t\t{\n\t\t\t\"NAME\": \"speed\",\n\t\t\t\"TYPE\": \"float\",\n\t\t\t\"DEFAULT\": 1.0,\n\t\t\t\"MIN\": 0.1,\n\t\t\t\"MAX\": 5.0\n\t\t}\n\t]\n}*/\n\nfloat PI = 3.1415926;\n//#define CONSTRAINED_TO_CIRCLE //as opposed to filling the whole screen\n#define AA 1.0\n#define AA_SAMPS 64\t\n\n//mmalex's random functions\nfloat srand(vec2 a) { return fract(sin(dot(a,vec2(1233.224,1743.335)))); }\nvec2 rand(vec2 r) { return fract(3712.65*r+0.61432); }\n\nfloat easeWithSteps(float t, float steps)\n{\n\tfloat frac = 1.0 / steps;\t\n\tfloat eT = mod(t, frac);\n\tfloat x = eT / frac;\n\treturn t - eT + frac * x*x*x*(x*(x*6.0 - 15.0) + 10.0); // fancy smoothstep (see wikipeed)\n}\n\nfloat map(float x, float xmin, float xmax, float ymin, float ymax)\n{\n\t// miss u processing\n\treturn clamp(ymin + (x - xmin) / (xmax - xmin) * (ymax - ymin), ymin, ymax);\n}\n\n\nfloat colorAtCoord(vec2 coord, float t)\n{\n\tfloat steps = 1. + mod(floor(t), 7.0); // pattern cycling\n\tt = mod(t, 1.0);\n\t\n\tvec2 uv = coord.xy / RENDERSIZE.xy;\n\tvec2 p = uv - vec2(.5,.5);\n\tp.y *= RENDERSIZE.y / RENDERSIZE.x;\n\t\n\tfloat angle = atan(p.y, p.x);\n\tangle = mod( angle + PI * 2.0, PI * 2.0);\n\t\n\tfloat dist = length(p);\n\t\n\tfloat ring = floor(pow(dist*1.5,.5) * num_rings - t); // tweak!\n\tfloat ringFrac = ring / num_rings;\n\t\n\tfloat ringTime = map(t, ringFrac * .125, 1.0 - ringFrac * .125, 0.0, 1.0);\n\tringTime = easeWithSteps(ringTime, steps); // aand tweak!\n\t\n\tfloat color = 0.0;//vec4 color = vec4(0.0,0.0,0.0,1.0);\n\tfloat tAngle =  PI * 2.0 * mod(ringTime * ring*1.0, 1.0);\n\t//if ( mod(ring, 2.0) == 0.0) tAngle = PI * 2.0 - tAngle;\n\ttAngle *= mod(ring, 2.0)*2.0 - 1.0;\n\tfloat si = sin(tAngle);\n\tfloat co = cos(tAngle);\n\tcolor = step(0., dot(vec2(-si,co),p)); \n\t// if ((angle > tAngle && angle < tAngle + PI) || angle < tAngle - PI)\n\t// \tcolor = vec4(1.0,1.0,1.0,1.0);\n\treturn color;\n}\n\n\nvoid main() {\n\t\t// assume 60fps\n\tfloat t = TIME * speed;\n\tfloat c=0.;\n\t\n\t// mmalex's AA/blur code.\n\tvec2 aa=vec2( srand(gl_FragCoord.xy), srand(gl_FragCoord.yx) );\n\tt+=1.0/60.0/float(AA_SAMPS)*aa.x;\t\n\t\n\tfor (int i=0;i<(AA_SAMPS);i++) {\n\t\taa=rand(aa);\n\t\tc+=colorAtCoord(gl_FragCoord.xy+aa, t*.05);\n\t\tt+=1.0/60.0/float(AA_SAMPS);\n\t}\t\n\tc=sqrt(c/float(AA_SAMPS));\n\tgl_FragColor = vec4(c);\n}","rawVertexSource":"void main() {\n\tisf_vertShaderInit();\n}","thumbnailCloudinaryId":"kcnir2w31dtv162kz3k4","description":"","shaderType":"generator","oldId":"2345","createdAt":"2018-01-23T11:34:27.522Z","user":{"_id":"5e7a7f587c113618206ddaae","username":"joshpbatty","name":"Joshua Paris Batty","id":"5e7a7f587c113618206ddaae"},"username":"joshpbatty","updatedAt":"2025-04-10T17:33:09.666Z","__v":2,"id":"5e7a80227c113618206deb59"}