{"working":false,"featured":false,"private":false,"stars":["5e7a7f587c113618206ddbb9","5e7a7f587c113618206dda9e","5eb485bc9a2c7b0017693819","5ec340a7658b34001590feb5","5f5805860c6c470015d2fee8","60513814df59c70014cdc616","60658fadd4849b0013135d87","60f5267ff4fe08001a0a6216","6109903e063978001a1c6ec2","615226f5f4fe08001a0a6299","617581b3f4fe08001a0a62d7","61a87341063978001a1c6fb0","62a3d31acbcd960019684ebb","62fba7a8ad0a68001afa5860","62fb14f2ad0a68001afa532a","63139741d12ead001af40056","5fd1aa1edf59c70014cdc4d5","6369f715d12ead001af92197","638230e2d12ead001afa7d6f","63d387c9d12ead001affab8b","644d325e454380001a99e411","64bbf2515913c5001a3faeee","6523507d4fca60001abe2314","62221c907917e40014067e8c","65b151d285611d001af4f995","66a64e428d90c9001a47f02e","666c6de8e0ca9e001a0299a8","671a671a2e035b001b573e5c","6356d754d12ead001af7f0b5","678e5f332909a9001a02a0d1","679021ca2909a9001a02bd9c"],"images":[],"categories":["5e7a80de7c113618206df17f"],"publicCategories":[],"privateCategories":["Generators"],"_id":"5e7a800c7c113618206de99c","title":"Kirby05","rawFragmentSource":"/*\n{\n  \"CATEGORIES\" : [\n    \"Generators\"\n  ],\n  \"DESCRIPTION\" : \"Kirby05\",\n  \"ISFVSN\" : \"2\",\n  \"VSN\" : \".01\",\n  \"INPUTS\" : [\n    {\n      \"NAME\" : \"u_input\",\n      \"TYPE\" : \"image\"\n    },\n    {\n      \"NAME\" : \"u_sourceThresh\",\n      \"TYPE\" : \"float\",\n      \"MAX\" : 1,\n      \"DEFAULT\" : 0,\n      \"MIN\" : 0\n    },\n    {\n      \"NAME\" : \"u_previewBands\",\n      \"TYPE\" : \"float\",\n      \"MAX\" : 3,\n      \"DEFAULT\" : 0,\n      \"MIN\" : 0\n    },\n    {\n      \"NAME\" : \"u_bands\",\n      \"TYPE\" : \"float\",\n      \"MAX\" : 4,\n      \"DEFAULT\" : 4,\n      \"MIN\" : 2\n    },\n    {\n      \"NAME\" : \"u_wavePattern\",\n      \"TYPE\" : \"bool\",\n      \"DEFAULT\" : true\n    },\n    {\n      \"NAME\" : \"u_waves\",\n      \"TYPE\" : \"float\",\n      \"MAX\" : 2,\n      \"DEFAULT\" : 0.63760650157928467,\n      \"MIN\" : 0.10000000000000001\n    },\n    {\n      \"NAME\" : \"u_speed\",\n      \"TYPE\" : \"float\",\n      \"MAX\" : 2,\n      \"DEFAULT\" : 0.26469048857688904,\n      \"MIN\" : 0\n    },\n    {\n      \"NAME\" : \"u_scale\",\n      \"TYPE\" : \"float\",\n      \"MAX\" : 1,\n      \"DEFAULT\" : -13.085433006286621,\n      \"MIN\" : -20\n    },\n    {\n      \"NAME\" : \"u_scaleDiff\",\n      \"TYPE\" : \"float\",\n      \"MAX\" : 5,\n      \"DEFAULT\" : 2.2620737552642822,\n      \"MIN\" : 0\n    },\n    {\n      \"NAME\" : \"u_density\",\n      \"TYPE\" : \"float\",\n      \"MAX\" : 0,\n      \"DEFAULT\" : -2.8055846691131592,\n      \"MIN\" : -5\n    },\n    {\n      \"NAME\" : \"u_densityDiff\",\n      \"TYPE\" : \"float\",\n      \"MAX\" : 1,\n      \"DEFAULT\" : 0.23568330705165863,\n      \"MIN\" : 0\n    },\n    {\n      \"NAME\" : \"u_offset\",\n      \"TYPE\" : \"float\",\n      \"MAX\" : 1,\n      \"DEFAULT\" : 0.038127988576889038,\n      \"MIN\" : -1\n    },\n    {\n      \"NAME\" : \"u_overlap\",\n      \"TYPE\" : \"float\",\n      \"MAX\" : 1,\n      \"DEFAULT\" : 0.87262636423110962,\n      \"MIN\" : 0\n    },\n    {\n      \"NAME\" : \"u_color1\",\n      \"TYPE\" : \"color\",\n      \"DEFAULT\" : [\n        0,\n        0.090281277894973755,\n        0.4900016188621521,\n        1\n      ]\n    },\n    {\n      \"NAME\" : \"u_color2\",\n      \"TYPE\" : \"color\",\n      \"DEFAULT\" : [\n        0.035999070852994919,\n        0.58130508661270142,\n        1,\n        1\n      ]\n    },\n    {\n      \"NAME\" : \"u_color3\",\n      \"TYPE\" : \"color\",\n      \"DEFAULT\" : [\n        1,\n        0,\n        0.46855348348617554,\n        1\n      ]\n    },\n    {\n      \"NAME\" : \"u_color4\",\n      \"TYPE\" : \"color\",\n      \"DEFAULT\" : [\n        1,\n        0.034920874983072281,\n        0,\n        1\n      ]\n    }\n  ],\n  \"CREDIT\" : \"Roger Sodre\"\n}\n*/\n\n// --------------------------\n// FROM THE BOOK OF SHADERS\n\n// Author: @patriciogv - 2015\n// Title: Stippling\n\n// Cellular noise (\"Worley noise\") in 2D in GLSL.\n// Copyright (c) Stefan Gustavson 2011-04-19. All rights reserved.\n// This code is released under the conditions of the MIT license.\n// See LICENSE file for details.\n\n// Permutation polynomial: (34x^2 + x) mod 289\nvec4 permute(vec4 x) {\n  return mod((34.0 * x + 1.0) * x, 289.0);\n}\n\n// Cellular noise, returning F1 and F2 in a vec2.\n// Speeded up by using 2x2 search window instead of 3x3,\n// at the expense of some strong pattern artifacts.\n// F2 is often wrong and has sharp discontinuities.\n// If you need a smooth F2, use the slower 3x3 version.\n// F1 is sometimes wrong, too, but OK for most purposes.\nvec2 cellular2x2(vec2 P) {\n#define K 0.142857142857 // 1/7\n#define K2 0.0714285714285 // K/2\n#define jitter 0.8 // jitter 1.0 makes F1 wrong more often\n\tvec2 Pi = mod(floor(P), 289.0);\n \tvec2 Pf = fract(P);\n\tvec4 Pfx = Pf.x + vec4(-0.5, -1.5, -0.5, -1.5);\n\tvec4 Pfy = Pf.y + vec4(-0.5, -0.5, -1.5, -1.5);\n\tvec4 p = permute(Pi.x + vec4(0.0, 1.0, 0.0, 1.0));\n\tp = permute(p + Pi.y + vec4(0.0, 0.0, 1.0, 1.0));\n\tvec4 ox = mod(p, 7.0)*K+K2;\n\tvec4 oy = mod(floor(p*K),7.0)*K+K2;\n\tvec4 dx = Pfx + jitter*ox;\n\tvec4 dy = Pfy + jitter*oy;\n\tvec4 d = dx * dx + dy * dy; // d11, d12, d21 and d22, squared\n\t// Sort out the two smallest distances\n#if 0\n\t// Cheat and pick only F1\n\td.xy = min(d.xy, d.zw);\n\td.x = min(d.x, d.y);\n\treturn d.xx; // F1 duplicated, F2 not computed\n#else\n\t// Do it right and find both F1 and F2\n\td.xy = (d.x < d.y) ? d.xy : d.yx; // Swap if smaller\n\td.xz = (d.x < d.z) ? d.xz : d.zx;\n\td.xw = (d.x < d.w) ? d.xw : d.wx;\n\td.y = min(d.y, d.z);\n\td.y = min(d.y, d.w);\n\treturn sqrt(d.xy);\n#endif\n}\n\n\n\n// --------------------------\n// ROGER\n\n#define QUARTERPI 0.785398163397448\n#define HALFPI 1.57079632679489661923\n#define PI 3.14159265358979323846\n#define TWOPI 6.28318530717958647692\n\nfloat GetBand(vec2 st, float src)\n{\n\tfloat bandCount = floor(u_bands);\n\tfloat bandSize = 1.0 / bandCount;\n\tfloat band = floor(src/bandSize);\n\treturn band;\n}\nfloat GetBandColor(float band)\n{\n\tfloat bandCount = floor(u_bands);\n\tfloat bandColor = band * (1.0/(bandCount-1.0));\n\treturn bandColor;\n}\nvec2 GetBandRange(float band, float overlap)\n{\n\tfloat bandCount = floor(u_bands);\n\tfloat bandSize = (1.0/bandCount);\n\tfloat c1 = band * bandSize;\n\tfloat c2 = (band+1.0) * bandSize;\n\tif (band > 0.0)           c1 -= (bandSize * overlap);\n\tif (band < bandCount-1.0) c2 += (bandSize * overlap);\n\treturn vec2(c1,c2);\n}\nfloat GetBandStep(vec2 range,float a)\n{\n\tfloat bandStep = smoothstep( range.x, range.y, a );\t// 0 .. 1\n\tif (range.y < 0.99)\n\t{\n\t\tbandStep = bandStep * 2.0 - 1.0;\t// -1 .. 0 .. 1\n\t\tbandStep = 1.0 - abs(bandStep);\t\t//  0 .. 1 .. 0\n\t}\n\treturn bandStep;\n}\n\n\n\n\n// --------------------------\n// MAIN\nvec2 normalizedCoord(float r)\n{\n\tvec2 st = (isf_FragNormCoord - 0.5) * 2.0 * r;\n\tst.x *= (RENDERSIZE.x/RENDERSIZE.y);\n\treturn st;\n}\n\nvoid main(void) {\n\tvec2 st = normalizedCoord(1.0);\n\tvec3 source = vec3(isf_FragNormCoord.x);\n\tfloat src = source.x;\n\t\n\tvec3 tex = IMG_NORM_PIXEL(u_input, isf_FragNormCoord).xyz;\n\tfloat gray = (tex.x + tex.y + tex.z) / 3.0;\n\tfloat a = gray;\n\t\n\tif ( u_wavePattern)\n\t{\n\t\ta = dot(st,st)-TIME*u_speed;\n\t\ta = abs(sin(a*3.1415*u_waves));\n\t\t//a = abs(1.0 - cos(a*3.1415*u_waves));\n\t\t//a = abs(sin(mod(a*3.1415*u_waves,HALFPI)));\n\t}\n//\tif ( u_wobble > 0.0 )\n//\t\ta += abs(sin((TIME)*0.2*3.1415)) * u_wobble;\n\t\n\tvec3 color = vec3(0);\n\t\n\t// Apply bands\n\t// float bandCount = floor(u_bands);\n\t// for (float band = 0.0 ; band < u_bands ; band++)\n\tfor (float band = 0.0 ; band < 4.0 ; band++)\n\t{\n\t\t// Bands\n\t\t//float band = GetBand(st,a);\n\t\t//float bandColor = GetBandColor(band);\n\t\tvec2 bandRange = GetBandRange( band, u_overlap );\n\t\tif ( a >= bandRange.x && a <= bandRange.y 